id,price
1,56230.475
2,62517.695
3,23006.78
4,2827.58
5,5682.175
6,6321.83
7,4133.3883214285715
8,14171.485
9,5648.355
10,21001.72
11,5407.06
12,5030.895
13,4401.01
14,56978.54
15,40244.33
16,55586.685
17,55239.945
18,6586.805
19,67454.875
20,6688.66
21,6074.645
22,58740.051666666666
23,45285.19
24,5671.48
25,5193.645
26,3927.375
27,6066.94
28,5507.96
29,4291.99
30,6291.435
31,8167.495
32,68120.18
33,60275.905
34,54793.885
35,10689.825
36,5696.01
37,5568.685
38,46984.73
39,5496.185
40,2392.1
41,10181.33
42,78621.805
43,5247.12
44,3635.68
45,12836.545
46,4120.16
47,5873.895
48,12397.58
49,68518.16
50,6465.575
51,5762.795
52,3393.41
53,6610.71
54,4989.5
55,7474.595
56,2950.76
57,4257.485
58,51844.115
59,3231.005
60,64745.3725
61,9553.365
62,53847.53
63,7264.255
64,10723.5
65,56063.675
66,58493.815
67,44634.16
68,13730.41
69,43126.05
70,44991.11
71,5685.205
72,7792.655
73,10744.71
74,8447.025
75,12109.69
76,6238.92
77,6609.69
78,3539.89
79,60094.81
80,10098.865
81,5264.885
82,6419.285
83,7411.115
84,6217.88
85,30827.15
86,58377.485
87,5005.99
88,12722.94
89,59159.0
90,4477.535
91,4428.14
92,61195.305
93,55703.085
94,84944.395
95,52921.0
96,4500.37
97,5936.57
98,17795.23
99,5924.48
100,68788.35
101,5320.35
102,8239.895
103,7402.85
104,2676.115
105,6312.73
106,9280.285
107,52014.745
108,55790.415
109,49617.28
110,2408.44
111,55126.995
112,51751.065
113,9641.895
114,2790.74
115,3528.61
116,3940.33
117,5704.075
118,3316.56
119,6021.445
120,15474.715
121,54755.335
122,16928.735
123,6081.76
124,46019.35
125,5131.995
126,6606.705
127,7133.515
128,13322.52
129,63435.79
130,3953.95
131,6061.11
132,60933.36
133,6553.31
134,6421.82
135,4272.68
136,43954.305
137,4316.335
138,7795.325
139,3823.515
140,4792.04
141,3548.145
142,51025.4
143,7362.105
144,1731.53
145,54546.525
146,2907.21
147,6235.69
148,14817.245
149,6437.33
150,4986.93
151,7766.68
152,63460.155
153,7857.76
154,6979.47
155,62294.145
156,6307.215
157,7067.875
158,5358.07
159,6325.52
160,5096.795
161,55271.015
162,6668.01
163,67440.525
164,8338.39
165,59652.005
166,35372.78
167,59411.67
168,5106.6925
169,12684.635
170,51084.46
171,1921.5
172,7898.48
173,51854.76
174,55618.755
175,4947.135
176,67836.33
177,4268.735
178,4262.91
179,5372.515
180,65923.675
181,31017.19
182,7507.435
183,11336.9
184,6308.715
185,25424.195
186,6714.75
187,11619.035
188,53555.44
189,15776.0
190,4505.2825
191,55373.005
192,3412.175
193,56762.585
194,4708.555
195,4072.375
196,5598.86
197,2742.985
198,14757.75
199,13166.78
200,59564.08
201,68706.575
202,11681.25
203,4147.8
204,7875.605
205,60166.8
206,61692.96
207,4160.07
208,45227.535
209,49465.955
210,9452.535
211,56876.32
212,46913.25
213,4697.435
214,5463.015
215,5982.78
216,47506.68
217,5312.52
218,29400.37
219,7695.075
220,3404.19
221,4075.015
222,4096.93
223,22365.81
224,55158.85
225,58850.185
226,11942.405
227,7122.445
228,9564.95
229,4301.565
230,62029.555
231,4521.01
232,6521.34
233,13133.935
234,10596.62
235,3951.24
236,5651.04
237,2997.3
238,3888.415
239,2390.04
240,11773.145
241,62001.425
242,51812.12
243,3834.745
244,63680.69
245,8928.56
246,49956.375
247,59908.6
248,5464.275
249,5201.255
250,65899.625
251,8664.595
252,5955.895
253,56809.865
254,11723.875
255,6221.98
256,69012.74
257,4503.88
258,2038.17
259,4382.105
260,55443.69
261,3529.455
262,5976.825
263,53601.075
264,4461.285
265,7982.3
266,1776.375
267,45535.0
268,48622.47
269,47589.515
270,9797.525
271,6534.31
272,7719.2
273,51552.025
274,32281.355
275,2855.16
276,8925.145
277,29302.39
278,7327.99
279,32775.88
280,6007.22
281,39077.605
282,5269.04
283,5885.74
284,7067.62
285,49354.25
286,8172.1866666666665
287,41872.33
288,4628.91
289,60610.16
290,1780.86
291,1513.835
292,6526.01
293,7851.65
294,6826.27
295,5181.635
296,3856.035
297,54347.175
298,14923.37
299,9748.41
300,4782.575
301,60137.92
302,2929.665
303,7670.695
304,11624.27
305,52379.07
306,6066.81
307,50906.145
308,5186.98
309,51757.415
310,13483.09
311,4934.73
312,53911.92
313,4449.495
314,2950.935
315,4032.075
316,34281.825
317,3914.1
318,4878.075
319,8813.68
320,4235.72
321,4502.87
322,59624.84
323,5548.63
324,3794.255
325,6875.365
326,9032.955
327,6881.625
328,5179.91
329,4784.355
330,4129.855
331,12432.1
332,7711.925
333,65858.095
334,5601.575
335,7303.985
336,11962.73
337,4856.65
338,22358.36
339,13555.795
340,46401.995
341,47307.195
342,48504.88
343,4106.665
344,5907.245
345,17396.725
346,76132.305
347,3331.145
348,3324.555
349,5976.005
350,10671.305
351,3818.385
352,5950.285
353,4721.055
354,3739.89
355,4689.97
356,77998.955
357,47048.905
358,5017.64
359,4578.175
360,50160.305
361,55164.27
362,6206.87
363,50828.56
364,2477.305
365,65061.495
366,29897.42
367,4728.27
368,4487.24
369,6167.4625
370,6583.24
371,5865.895
372,4037.17
373,6073.685
374,6135.39
375,12053.86
376,49877.035
377,5969.755
378,54499.865
379,5090.62
380,2171.55
381,62185.42
382,7167.61
383,5826.54
384,4351.17
385,6545.745
386,62321.535
387,59309.265
388,5270.985
389,51642.165
390,58587.325
391,53392.635
392,66042.095
393,6616.175
394,56056.01
395,71765.245
396,58515.22
397,57855.33
398,5040.815
399,6553.275
400,3774.605
401,8411.28
402,6428.07
403,7966.965
404,59807.785
405,51171.24
406,4257.485
407,5920.505
408,63566.57
409,5887.17
410,5355.535
411,6712.86625
412,51319.13
413,7260.765
414,5719.16
415,6179.97
416,2562.215
417,27315.51
418,6475.275
419,43091.79
420,12346.79
421,4635.99
422,6642.1
423,4085.18
424,56808.61
425,14409.565
426,4236.445
427,3248.615
428,12554.47
429,2150.0
430,6590.78
431,49449.45
432,6177.51
433,6235.205
434,52153.155
435,2204.8
436,6335.615
437,11818.61
438,12222.255
439,5711.15
440,65255.82
441,8636.595
442,55732.43
443,6423.275
444,3645.975
445,4439.12
446,49641.145
447,62506.915
448,7427.935
449,4896.625
450,47256.27
451,51219.835
452,42965.725
453,4353.825
454,6859.41
455,5015.12
456,2264.395
457,49883.05
458,40740.745
459,12354.56
460,7086.07
461,5154.87
462,6047.32
463,4487.075
464,7243.795
465,1667.51
466,2150.0
467,6687.875
468,4563.515
469,4394.405
470,10399.915
471,10454.41
472,8908.685
473,5191.94
474,6073.685
475,4455.375
476,12156.825
477,10918.78
478,4647.175
479,12068.665
480,26788.325
481,5441.63
482,5809.3575
483,2885.37
484,3228.095
485,11030.965
486,6166.905
487,63499.675
488,4956.955
489,50520.055
490,7954.565
491,50410.515
492,4797.255
493,58540.78
494,51723.815
495,6109.485
496,38435.555
497,5655.76
498,4830.555
499,59626.115
500,51905.615
501,4425.0
502,4594.37
503,61372.645
504,45439.025
505,52973.26
506,9019.5
507,5456.48
508,32870.375
509,2970.73
510,56481.51
511,5757.135
512,6514.26
513,36309.805
514,7797.04
515,68715.45
516,68436.785
517,3833.29
518,41769.985
519,4428.26
520,5642.895
521,71161.91
522,54529.06
523,4455.715
524,4793.33
525,8682.66
526,6473.825
527,6199.36
528,3328.655
529,6183.015
530,16475.47
531,51104.74
532,3940.08
533,54938.54
534,10336.72
535,11880.84
536,56718.72
537,56401.395
538,5107.885
539,5129.79
540,3679.95
541,4433.05
542,3035.395
543,11319.44
544,54500.225
545,77942.825
546,50629.97
547,3843.97
548,8712.085
549,77952.955
550,5117.975
551,54520.975
552,6213.165
553,5952.345
554,4796.935
555,5825.295
556,6585.41
557,56419.82
558,53171.37
559,6119.57
560,41937.765
561,43893.89
562,2892.315
563,5320.905
564,4794.665
565,4915.26
566,50773.54
567,12096.865
568,10982.2
569,7704.61
570,6476.155
571,4378.0
572,16694.615
573,11617.945
574,3957.08
575,47706.655
576,5626.605
577,50632.3
578,4106.59
579,46753.275
580,65196.165
581,41723.6
582,4052.315
583,2340.73
584,2204.65
585,6562.805
586,57708.635
587,14397.695
588,71023.54
589,4449.13
590,2762.805
591,7142.4
592,61495.705
593,68966.815
594,5123.76
595,15799.1
596,65255.55
597,5419.08
598,2686.175
599,11431.665
600,38682.505
601,6202.375
602,5045.67
603,3719.56
604,5177.97
605,54502.645
606,6375.96
607,63466.775
608,32881.77
609,3755.79
610,5028.615
611,53387.485
612,4606.44
613,67235.6
614,7039.19
615,6202.21
616,6591.3
617,4548.035
618,15344.365
619,61503.58
620,51736.85
621,76261.665
622,5675.63
623,6248.055
624,10311.185
625,3951.885
626,5437.645
627,44433.39
628,55413.985
629,5489.525
630,51783.81
631,5715.695
632,74525.495
633,4929.71
634,4535.395
635,4435.87
636,3594.23
637,10647.015
638,58508.71
639,3331.535
640,58400.375
641,39786.185
642,9674.565
643,4951.395
644,4513.465
645,4187.17
646,60608.825
647,77810.365
648,2863.995
649,11197.45
650,9351.965
651,49479.355
652,4042.54
653,63223.81
654,55211.42
655,6517.68
656,6985.605
657,3893.075
658,9495.355
659,56789.875
660,5952.3
661,6194.425
662,4730.315
663,3553.138333333334
664,14821.44
665,6001.285
666,6450.67
667,11285.625
668,4657.88
669,4673.7
670,5168.895
671,60867.575
672,14164.675
673,5628.66
674,26198.94
675,55491.52
676,60703.255
677,34344.53
678,4256.39
679,13504.83
680,8879.685
681,5425.44
682,4880.405
683,7431.025
684,7682.155
685,6287.36
686,8190.59
687,14440.12
688,4795.375
689,4696.45
690,9086.125
691,5090.16875
692,54693.48
693,7774.18
694,7075.74
695,5103.765
696,5988.195
697,6511.87
698,2666.325
699,10791.065
700,4648.62
701,60625.5
702,2545.175
703,3903.99
704,6368.665
705,51773.995
706,4307.395
707,49991.505
708,3535.23
709,3187.98
710,48434.86
711,12080.435
712,56339.145
713,40935.01
714,4927.785
715,53962.47
716,7260.125
717,8483.666666666668
718,10621.95
719,28112.0
720,6623.845
721,62936.085
722,56095.145
723,53159.09
724,10740.51
725,45738.185
726,56232.715
727,7098.7
728,3459.515
729,6278.96
730,77734.71
731,28470.27
732,6121.535
733,5756.965
734,3844.075
735,49227.955
736,6405.39
737,3526.71
738,5044.535
739,58475.5
740,48464.56
741,56693.245
742,55827.265
743,4594.255
744,62912.12
745,11846.415
746,4851.98
747,58771.76
748,8288.695
749,56190.685
750,50489.75
751,6997.47
752,5865.46
753,5850.055
754,3291.93
755,5625.475
756,60595.95
757,46350.97
758,6549.515
759,57659.855
760,4804.035
761,7910.035
762,5094.225
763,7825.33
764,6887.84
765,56009.985
766,4622.59
767,71602.42
768,7475.03
769,4966.57
770,6840.315
771,5900.115
772,52071.725
773,76511.735
774,5717.13
775,4754.11925
776,45052.805
777,54120.93
778,5099.705
779,4134.28
780,2502.12
781,4846.85125
782,43888.4
783,6087.07
784,22938.88
785,6836.02
786,8659.615
787,12521.48
788,4275.3
789,69807.41
790,17776.585
791,41855.49
792,34760.12
793,6550.785
794,31903.84
795,24502.9
796,65222.175
797,5269.795
798,7141.305
799,9676.815
800,1736.585
801,16126.145
802,5278.52
803,4890.27
804,49461.45
805,6118.985
806,26634.485
807,78040.935
808,13049.835
809,45353.815
810,8716.615
811,45960.04
812,7089.19
813,4956.475
814,54892.09
815,8567.41
816,8665.595
817,6035.67
818,5771.015
819,5097.36
820,56295.44
821,48815.235
822,5165.28
823,24010.56
824,49635.44
825,52606.7
826,5516.56
827,58185.58
828,2792.34
829,51417.34
830,4741.16
831,11125.425
832,3849.305
833,59750.335
834,64034.985
835,5711.74
836,4411.655
837,45499.645
838,15662.275
839,4968.87
840,12163.04
841,56919.95
842,51484.09
843,2757.505
844,24374.91
845,5794.29
846,66388.08
847,44360.69
848,9427.67
849,4942.32
850,13371.0
851,4292.365
852,7576.73
853,4518.575
854,50408.905
855,17990.115
856,6127.02
857,54684.0
858,5318.04
859,5791.33
860,7438.17
861,4993.535
862,3125.63
863,52004.875
864,7360.15
865,2367.75
866,12339.605
867,53132.995
868,2124.0
869,4033.99
870,70057.96
871,4900.75
872,15465.135
873,44875.31
874,8055.32
875,65639.08
876,6035.31
877,3488.485
878,47176.25
879,4175.915
880,66847.875
881,5386.405
882,4541.31
883,8806.12
884,4103.645
885,6606.0
886,5670.695
887,4016.02
888,50471.93
889,41128.92
890,2313.705
891,5286.785
892,2283.545
893,3191.085
894,60040.425
895,9062.26
896,67018.955
897,5623.46
898,56912.485
899,6494.78
900,5617.79
901,55852.035
902,45512.705
903,10125.35
904,4918.13
905,5831.34
906,6172.535
907,63931.4275
908,60602.955
909,5885.985
910,6341.355
911,5383.175
912,4460.505
913,63476.34
914,4635.625
915,5785.27
916,49727.94
917,6049.58
918,31296.61
919,3865.97
920,11986.775
921,57278.28
922,11860.33
923,54889.695
924,4790.37
925,54279.25
926,4494.5
927,64853.67
928,5835.48
929,29144.78
930,13548.78
931,11020.76
932,4651.635
933,49467.04
934,4717.665
935,4963.74
936,3524.8475
937,5883.28
938,44727.51
939,16779.66
940,5747.285
941,4994.98
942,62168.92
943,5750.315
944,4406.855
945,2388.5
946,7958.435
947,51040.36
948,2610.815
949,66526.11
950,59928.705
951,43970.38
952,56191.53
953,3000.165
954,13431.32
955,4719.385
956,52016.26
957,6366.13
958,8225.76
959,3511.05
960,66960.985
961,54444.96
962,5664.17
963,11362.175
964,5184.185
965,5639.315
966,5997.49
967,67270.925
968,10377.79
969,4500.805
970,3783.43
971,6588.745
972,60672.3
973,3515.53
974,47503.705
975,59943.46
976,61991.15
977,4395.085
978,63237.795
979,5566.205
980,6191.34
981,11307.395
982,58255.58
983,5971.745
984,6201.86
985,5182.935
986,7801.7
987,11506.55
988,5590.075
989,3556.685
990,7030.525
991,55333.9
992,59644.935
993,7257.005
994,54581.12
995,10871.87
996,4398.995
997,5520.395
998,6218.915
999,8456.955
1000,4428.025
1001,3591.91
1002,11019.015
1003,59717.125
1004,3927.04
1005,11097.865
1006,13921.94
1007,3500.64
1008,4006.045
1009,18309.67
1010,2806.315
1011,44694.57
1012,52885.92
1013,4507.635
1014,56693.495
1015,66465.025
1016,42443.4
1017,42763.915
1018,9753.725
1019,7357.0
1020,3458.32
1021,12536.125
1022,4410.285
1023,2909.25
1024,49328.62
1025,14745.3
1026,55470.795
1027,4176.805
1028,51699.46
1029,7109.745
1030,53667.795
1031,5106.88
1032,4261.74
1033,43848.45
1034,8223.255
1035,5485.385
1036,31965.155
1037,5488.75
1038,41488.89
1039,4106.165
1040,3011.73
1041,61560.44
1042,33769.495
1043,10829.12
1044,6314.225
1045,5422.37
1046,61403.925
1047,46899.475
1048,4507.855
1049,5368.215
1050,2111.18
1051,3610.41
1052,6049.855
1053,5362.18
1054,56221.605
1055,2951.91
1056,6522.17
1057,8676.37
1058,6753.24
1059,6806.395
1060,3520.87
1061,67506.02
1062,51851.9
1063,4367.365
1064,8056.61
1065,10240.34
1066,5492.525
1067,17585.935
1068,20647.895
1069,46180.51
1070,1841.56
1071,4775.68
1072,45750.76
1073,57285.795
1074,17242.51
1075,11998.675
1076,6101.085833333333
1077,7510.62
1078,4710.445
1079,20245.36
1080,4770.934166666666
1081,49454.94
1082,4482.02
1083,4476.92
1084,13730.955
1085,3661.81
1086,6660.84
1087,10221.93
1088,6222.56
1089,15315.225
1090,5933.045
1091,5617.805
1092,12028.98
1093,5811.01625
1094,5324.745
1095,9133.79
1096,62102.88
1097,63967.625
1098,4814.305
1099,4751.385
1100,46756.225
1101,5833.98
1102,13668.9
1103,4128.045
1104,58578.26
1105,2904.135
1106,8738.72
1107,5347.31
1108,7645.93
1109,57166.41
1110,2462.03
1111,11862.84
1112,51383.965
1113,6034.425
1114,56934.475
1115,13044.365
1116,4163.615
1117,64335.465
1118,46762.245
1119,6513.105
1120,3710.67
1121,4199.385
1122,2567.605
1123,5756.765
1124,5735.26
1125,55606.73
1126,6553.015
1127,5362.83
1128,50305.085
1129,5700.585
1130,5941.94
1131,8546.335
1132,7733.935
1133,64475.09
1134,5956.105
1135,5808.155
1136,5197.645
1137,7449.925
1138,28306.235
1139,5515.855
1140,4245.465
1141,4863.12
1142,6371.34
1143,2390.35
1144,6594.295
1145,51308.17
1146,60540.24
1147,13264.385
1148,42932.995
1149,8316.615
1150,2928.77
1151,3699.325
1152,12552.345
1153,4198.19
1154,6955.79
1155,14169.905
1156,8005.25
1157,4409.795
1158,45599.46
1159,6611.07
1160,2829.5
1161,6596.985
1162,5939.71
1163,5752.67
1164,76925.59
1165,6007.7266666666665
1166,47471.61
1167,6755.845
1168,6249.89
1169,12560.12
1170,4900.205
1171,6166.76
1172,45581.26
1173,2718.285
1174,6171.65
1175,2884.7
1176,4286.05
1177,2225.065
1178,4783.425
1179,13733.99
1180,4391.2
1181,4840.245
1182,6427.565
1183,43276.895
1184,57078.27
1185,18943.935
1186,6519.725
1187,54281.3
1188,3227.635
1189,5340.77
1190,14355.6
1191,69005.01
1192,56678.61
1193,16872.431666666667
1194,6501.54
1195,4291.105
1196,11683.02
1197,70788.295
1198,12427.235
1199,5119.325
1200,5982.575
1201,11692.84
1202,22642.28
1203,5932.27
1204,54156.955
1205,6386.755
1206,14921.72
1207,4427.145
1208,5748.15
1209,8855.64
1210,5025.305
1211,56956.25
1212,55770.85
1213,3602.07
1214,5135.635
1215,4396.4
1216,16932.35
1217,3376.66
1218,3639.685
1219,69120.365
1220,28708.06
1221,69522.165
1222,3845.52
1223,5214.09
1224,45911.035
1225,60217.67
1226,4785.785
1227,5592.47
1228,4476.47
1229,12640.82
1230,51941.13
1231,4590.645
1232,5225.015
1233,5082.04
1234,5726.94
1235,61005.64
1236,5864.895
1237,65577.86
1238,4926.615
1239,7411.685
1240,11961.97
1241,51896.52
1242,6714.2
1243,54427.345
1244,6294.725
1245,6715.135
1246,7722.22
1247,5426.57
1248,4833.37
1249,6499.23
1250,6803.505
1251,4078.24
1252,54486.99
1253,57413.465
1254,2436.245
1255,3385.95
1256,55505.51
1257,5324.735
1258,5090.625
1259,5445.305
1260,10957.025
1261,3711.55
1262,10111.85
1263,12025.59
1264,40980.985
1265,3589.625
1266,31860.555
1267,5412.975
1268,7498.23
1269,9548.145
1270,63163.055
1271,7223.835
1272,5376.36
1273,17820.302583333334
1274,11298.95
1275,6205.425
1276,4642.655
1277,72369.425
1278,9588.035
1279,12804.41
1280,63953.62
1281,24106.05
1282,58212.495
1283,4464.235
1284,5476.3
1285,4273.035
1286,56024.985
1287,7213.42
1288,76732.72
1289,5039.6
1290,8582.225
1291,6789.0
1292,49773.42
1293,8499.13
1294,10948.485
1295,6698.265
1296,50162.235
1297,4147.69
1298,10982.3
1299,11262.395
1300,6482.395
1301,8671.2
1302,48671.03
1303,2347.095
1304,4889.695
1305,8076.51
1306,4536.655
1307,5589.83
1308,6657.595
1309,52984.995
1310,64920.69
1311,6057.365
1312,13344.965
1313,49187.03
1314,42091.8
1315,11258.39
1316,13233.815
1317,5493.535
1318,5826.98
1319,2778.805
1320,24273.715
1321,6173.095
1322,7809.06
1323,2124.0
1324,5992.48
1325,57935.785
1326,3216.715
1327,6803.1
1328,68397.895
1329,5095.845
1330,6426.385
1331,5407.87
1332,11682.35
1333,2134.97
1334,12922.13
1335,9090.04
1336,6523.665
1337,38616.03
1338,6253.66
1339,5614.86
1340,8009.125
1341,10051.67
1342,2494.125
1343,2437.49
1344,7864.585
1345,2279.855
1346,67035.745
1347,4697.165
1348,51161.895
1349,5333.22
1350,6382.175
1351,11681.815
1352,11562.085
1353,10384.315
1354,5779.79
1355,9147.725
1356,49697.725
1357,31001.695
1358,11341.75
1359,7840.75
1360,13442.41
1361,4383.58
1362,45395.365
1363,7865.835
1364,8753.465
1365,45590.385
1366,71584.825
1367,10970.54
1368,6786.44
1369,54838.18
1370,50115.555
1371,5015.435
1372,21143.84
1373,6649.115
1374,47542.275
1375,4918.915
1376,11053.64
1377,5037.795
1378,4252.55
1379,4534.86
1380,53625.515
1381,4477.245
1382,70851.17
1383,50840.63
1384,42561.12
1385,6102.81
1386,4667.32
1387,2788.215
1388,5466.845
1389,56826.73
1390,5099.515
1391,48029.215
1392,2160.795
1393,52438.005
1394,51100.725
1395,2872.175
1396,4874.39
1397,6613.26
1398,54547.725
1399,35512.505
1400,69187.73
1401,13468.885
1402,67280.345
1403,6480.975
1404,2428.385
1405,33745.285
1406,9134.16
1407,77683.145
1408,11603.28
1409,4349.855
1410,47716.47
1411,10013.01
1412,6994.81
1413,67476.78
1414,11394.46
1415,54743.13
1416,5784.765
1417,6183.84
1418,2150.0
1419,5145.32
1420,5014.24
1421,56897.45
1422,4112.3
1423,49978.14
1424,6128.85
1425,49405.55
1426,4305.125
1427,8370.415
1428,47803.79
1429,2771.6
1430,3986.555
1431,46973.555
1432,58059.775
1433,3734.06
1434,2399.525
1435,3128.34
1436,73607.50366666666
1437,5703.81
1438,31226.42
1439,56621.51
1440,47372.785
1441,8888.23
1442,62697.56
1443,53354.74
1444,7128.635
1445,58852.09
1446,50841.15
1447,10498.42
1448,43550.43
1449,3373.7
1450,61929.925
1451,3794.66
1452,42989.075
1453,5284.725
1454,6787.56
1455,4498.555
1456,41498.98
1457,54376.32
1458,6510.665
1459,3738.795
1460,3397.2
1461,13982.975
1462,6163.19
1463,49343.815
1464,3082.585
1465,3801.865
1466,2780.015
1467,45682.37
1468,45206.54
1469,52756.875
1470,4912.649416666666
1471,14305.585
1472,15838.285
1473,3792.755
1474,52701.345
1475,3296.055
1476,15117.205
1477,48479.055
1478,4783.9
1479,7970.915
1480,13571.045
1481,41042.63
1482,41249.17
1483,4219.465
1484,6144.635
1485,6739.31
1486,10954.38
1487,7732.335
1488,43219.79
1489,7123.19
1490,8501.415
1491,8033.5
1492,46309.995
1493,54717.985
1494,10099.585
1495,49081.815
1496,55601.84
1497,3114.04
1498,8507.275
1499,5308.84
1500,6102.165
1501,6958.44
1502,9120.905
1503,4074.04
1504,12185.885
1505,4791.9
1506,69306.68
1507,4224.175
1508,71509.835
1509,48662.895
1510,59445.425
1511,8990.065
1512,57687.14
1513,49465.445
1514,5480.805
1515,42696.98
1516,44593.395
1517,4762.205
1518,5862.44
1519,74327.96
1520,5581.915
1521,4550.88
1522,3120.295
1523,5721.74
1524,57955.61
1525,9902.285
1526,13060.415
1527,12400.46
1528,41685.875
1529,6105.435
1530,10690.025
1531,45202.685
1532,5349.985
1533,41433.25
1534,9117.98
1535,6454.765
1536,42687.59
1537,12266.86
1538,13274.875
1539,4337.451666666666
1540,4881.475
1541,5994.985
1542,57203.895
1543,9354.015
1544,43403.39
1545,28245.385
1546,54713.12
1547,26069.71
1548,10374.93
1549,5460.555
1550,51937.54
1551,6100.005
1552,8305.855
1553,81657.225
1554,8145.415
1555,4612.41
1556,4709.97
1557,8400.275
1558,33487.225
1559,12761.675
1560,80371.86
1561,7611.455
1562,6415.35
1563,57680.965
1564,66078.16
1565,6962.245
1566,7320.305
1567,6146.69
1568,7749.015
1569,56316.08
1570,3171.94
1571,7862.155
1572,4515.02
1573,3416.115
1574,19909.095
1575,54485.89
1576,11714.46
1577,7887.555
1578,54842.995
1579,5531.42
1580,5868.06
1581,50571.525
1582,2511.125
1583,67752.025
1584,4845.405
1585,5976.29
1586,13683.33
1587,4108.23
1588,5827.905
1589,45192.765
1590,76027.825
1591,51627.41
1592,4881.405
1593,7359.685
1594,1896.835
1595,8646.94
1596,3473.205
1597,6076.755
1598,22156.83
1599,5457.955
1600,49573.53
1601,11372.73
1602,11716.315
1603,5966.42
1604,12969.6
1605,8830.975
1606,57686.705
1607,4253.33
1608,6610.89
1609,5058.895
1610,48263.165
1611,3982.85
1612,5541.37
1613,5864.3
1614,5549.165
1615,50924.2
1616,50437.775
1617,52817.315
1618,4844.29
1619,6144.955
1620,53594.18
1621,65187.735
1622,4925.65
1623,4414.81
1624,3684.075
1625,4692.565
1626,6544.0
1627,70719.26
1628,8808.34
1629,45175.59
1630,54119.465
1631,9474.6
1632,5112.865
1633,9144.375
1634,6737.57
1635,8081.655
1636,7433.29
1637,11620.9
1638,9161.545
1639,5322.455
1640,5864.315
1641,69983.815
1642,14068.22
1643,14496.015
1644,6444.92
1645,60035.985
1646,6433.06
1647,61082.465
1648,44271.99
1649,5699.755
1650,13252.65
1651,57938.535
1652,11378.57
1653,56395.745
1654,2329.855
1655,15669.55
1656,4835.43
1657,6498.64
1658,59420.48
1659,4382.115
1660,6193.095
1661,53336.045
1662,6148.25
1663,6035.41
1664,55709.64
1665,5511.125
1666,3529.89
1667,11087.72
1668,8476.53
1669,4860.665
1670,50113.955
1671,56507.2
1672,5709.135
1673,4795.765
1674,12337.94
1675,33207.55
1676,59212.485
1677,2067.245
1678,54719.91
1679,5513.43
1680,50143.75
1681,5467.155
1682,55891.595
1683,4009.725
1684,6501.645
1685,4637.49
1686,2806.695
1687,3691.545
1688,5962.4
1689,1842.805
1690,1667.51
1691,5655.625
1692,4873.375
1693,4576.78
1694,56770.465
1695,2410.7
1696,3824.72
1697,6770.025
1698,3632.5
1699,55058.075
1700,7156.305
1701,5786.095
1702,5961.715
1703,5732.165
1704,2892.735
1705,7085.2
1706,8062.63
1707,6378.78
1708,4445.46
1709,7343.48
1710,5332.67
1711,6893.79
1712,14535.575
1713,4853.67
1714,9192.33
1715,54441.555
1716,5318.26
1717,4852.15
1718,8818.16
1719,2224.47
1720,54413.97
1721,22410.02
1722,6100.145
1723,5999.625
1724,7131.555
1725,67456.01
1726,53491.46
1727,5716.285
1728,50851.47
1729,5544.895
1730,4468.795
1731,59630.67
1732,6077.235
1733,18386.605
1734,5664.645
1735,6199.675
1736,38048.635
1737,53385.48
1738,11583.255
1739,2779.415
1740,4393.9
1741,6194.71
1742,1619.03
1743,2386.48
1744,5012.85
1745,5487.54
1746,2590.685
1747,14329.355
1748,4923.53
1749,51389.545
1750,5482.595
1751,47864.485
1752,10486.275
1753,4940.755
1754,69148.32
1755,6124.655
1756,41498.48
1757,51070.405
1758,7076.53
1759,61582.97
1760,27514.12
1761,58792.145
1762,7931.62
1763,5415.845
1764,2155.625
1765,8854.01
1766,2038.735
1767,4457.955
1768,5669.685
1769,11966.775
1770,6271.265
1771,6185.41
1772,13456.32
1773,57493.465
1774,3503.695
1775,57996.955
1776,7576.105
1777,4514.035
1778,9688.615
1779,1143.51
1780,51261.895
1781,11388.08
1782,4394.36
1783,74535.335
1784,4879.225
1785,44250.33
1786,6414.37
1787,7408.08
1788,6171.72
1789,6632.95
1790,2593.8
1791,4538.235
1792,14904.51
1793,4021.905
1794,8684.855
1795,10631.24
1796,6440.435
1797,5448.935
1798,66509.995
1799,1874.3
1800,4855.4
1801,4598.295
1802,6838.9175
1803,2843.065
1804,61568.325
1805,11735.275
1806,3086.535
1807,8309.93
1808,5401.985
1809,6198.875
1810,68002.935
1811,5594.4
1812,5066.62
1813,81245.365
1814,6074.245
1815,7726.065
1816,5669.048083333332
1817,62269.73
1818,4395.465
1819,2012.04
1820,5050.525
1821,9858.01
1822,52963.47
1823,26966.265
1824,7480.3
1825,13779.455
1826,6554.74
1827,13150.0
1828,50987.185
1829,18373.55
1830,6152.39
1831,22173.47
1832,46812.85
1833,5652.545
1834,6396.84
1835,28012.935
1836,1611.185
1837,6622.23
1838,5027.31
1839,12610.26
1840,71316.855
1841,6076.865
1842,51744.985
1843,57953.24
1844,15063.615
1845,19237.635
1846,5637.865
1847,5501.64
1848,6266.465
1849,8359.61
1850,5370.15
1851,10824.85
1852,6170.935
1853,4608.92
1854,11786.64
1855,6906.9
1856,5438.845
1857,60682.7
1858,10798.31
1859,7245.985
1860,11113.795
1861,5177.79
1862,50805.875
1863,4685.705
1864,3169.235
1865,61953.905
1866,13095.745
1867,5449.235
1868,5014.605
1869,4018.03
1870,6438.12
1871,3858.41
1872,69087.715
1873,10906.055
1874,10126.04
1875,6049.34
1876,6469.26
1877,15766.771666666667
1878,45866.935
1879,4785.79
1880,2966.585
1881,13758.4
1882,9752.06
1883,10619.95
1884,5981.445
1885,2651.48
1886,2593.195
1887,53926.855
1888,7979.78
1889,4772.62
1890,54095.84
1891,6012.205
1892,4854.255
1893,4604.405
1894,5475.095
1895,6083.35
1896,54326.96
1897,10659.86
1898,1807.41
1899,4500.745
1900,8337.55
1901,4915.14
1902,5188.985
1903,6706.995
1904,5046.14
1905,14699.78
1906,41798.585
1907,1822.125
1908,6737.12
1909,5428.33
1910,3520.79
1911,10942.34
1912,7181.935
1913,4544.185
1914,14762.36
1915,6201.58
1916,6475.535
1917,45009.205
1918,6603.615
1919,4969.32
1920,5808.11
1921,6166.205
1922,72594.475
1923,2504.22
1924,63209.53
1925,5757.15
1926,4161.95
1927,56195.915
1928,6975.305
1929,4979.73
1930,2227.97
1931,7601.65
1932,6409.105
1933,10987.48
1934,13338.575
1935,3291.52
1936,57125.345
1937,9558.865
1938,6045.22
1939,4628.24
1940,2586.265
1941,48265.71
1942,11171.16
1943,6788.2
1944,5842.385
1945,47020.99
1946,3285.135
1947,13583.41
1948,4750.735
1949,5142.605
1950,9108.73
1951,2103.725
1952,7474.85
1953,48086.105
1954,8761.11
1955,60840.495
1956,13263.785
1957,5014.48
1958,47722.08
1959,5490.095
1960,4921.09
1961,51065.865
1962,7842.305
1963,46877.055
1964,55790.265
1965,3570.985
1966,33658.99
1967,8937.335
1968,3439.955
1969,14498.775
1970,5704.78
1971,4367.1575
1972,2319.66
1973,39966.57
1974,3703.58
1975,13316.74
1976,3686.045
1977,6498.23
1978,53103.01
1979,4315.935
1980,5651.56
1981,4941.775
1982,61932.175
1983,39121.92
1984,5041.78
1985,66950.77
1986,55857.005
1987,12176.89
1988,48338.99
1989,57938.78
1990,44947.13
1991,5615.595
1992,5634.675
1993,6017.69
1994,4217.925
1995,2629.925
1996,1758.415
1997,13990.31
1998,5099.095
1999,1824.735
2000,7083.165
2001,64984.8
2002,4207.18
2003,4161.345
2004,66765.6
2005,2404.47
2006,6704.285
2007,46617.575
2008,32989.845
2009,61550.45
2010,10956.665
2011,4325.065
2012,5465.63
2013,4823.58
2014,16184.43
2015,12452.025
2016,12533.62
2017,9252.88
2018,11080.98
2019,10854.345
2020,4641.67
2021,9631.22
2022,6331.14
2023,5335.33
2024,10422.085
2025,14405.9
2026,9820.34
2027,2881.04
2028,6217.675
2029,6053.88
2030,3994.255
2031,16763.505
2032,50231.7
2033,2893.14
2034,32066.85
2035,44887.99
2036,6426.13
2037,3164.6
2038,53706.57
2039,60068.59616666667
2040,56663.68
2041,61779.15
2042,6771.605
2043,4897.615
2044,7546.355
2045,51986.035
2046,54215.76
2047,39835.25
2048,4344.11
2049,5128.905
2050,4200.19
2051,2667.88
2052,40137.74
2053,49561.695
2054,6172.235
2055,46029.83
2056,46030.02
2057,63922.14
2058,6389.405
2059,3944.82
2060,4481.2
2061,63401.975
2062,4326.7
2063,5455.415
2064,5659.645
2065,6272.97
2066,5644.09
2067,7351.415
2068,8337.375
2069,7280.735
2070,5507.33
2071,2854.04
2072,60926.555
2073,4488.67
2074,5139.355
2075,64986.81
2076,12112.19
2077,1700.28
2078,7294.025
2079,6049.055
2080,4812.91
2081,46656.475
2082,5518.555
2083,5227.835
2084,1766.11
2085,49467.235
2086,5835.995
2087,63285.785
2088,70413.10666666666
2089,4380.33
2090,4556.81
2091,12502.625
2092,5405.405
2093,3331.815
2094,58588.245
2095,12874.215
2096,57469.51
2097,12423.63
2098,5989.31
2099,55784.665
2100,6365.49
2101,8228.14
2102,3767.425
2103,68735.59
2104,61824.905
2105,49743.8
2106,5503.05
2107,7946.785
2108,3917.14
2109,10663.61
2110,55347.47
2111,4709.16
2112,7279.285
2113,3479.46
2114,57893.645
2115,6509.61
2116,45095.915
2117,6216.95
2118,4260.58
2119,45432.315
2120,5292.585
2121,52211.59
2122,6509.175
2123,45343.77
2124,7591.265
2125,63754.91
2126,3523.78
2127,49121.805
2128,3426.115
2129,56551.495
2130,5814.095
2131,51735.865
2132,59538.22
2133,3864.355
2134,4468.835
2135,3684.41
2136,3988.535
2137,7156.025
2138,50838.52
2139,5180.89
2140,8482.0925
2141,5217.325
2142,55958.25
2143,7662.395
2144,52682.47
2145,4328.435
2146,4839.36
2147,4992.84
2148,4372.44
2149,9624.985
2150,6783.955
2151,6498.725
2152,7718.13
2153,45455.845
2154,49925.685
2155,32640.165
2156,5257.305
2157,13473.16
2158,13854.675
2159,10720.585
2160,8444.675
2161,51340.14
2162,4212.135
2163,52029.02
2164,7277.005
2165,7997.275
2166,4433.45
2167,44848.99
2168,57478.25
2169,6648.335
2170,5479.6
2171,50162.64
2172,4087.965
2173,4994.035
2174,3078.185
2175,5626.92
2176,40901.105
2177,50091.945
2178,53985.245
2179,5614.955
2180,63969.925
2181,3176.835
2182,39226.275
2183,44422.645
2184,5085.75
2185,6551.04
2186,9814.37
2187,14742.775
2188,8098.865
2189,6185.46
2190,10148.715
2191,43669.37
2192,6498.72
2193,6532.195
2194,2271.965
2195,4838.03
2196,59500.715
2197,62231.325
2198,55500.88
2199,3387.075
2200,4235.4
2201,5108.2
2202,5953.14
2203,6460.845
2204,8503.085
2205,4977.49
2206,3794.925
2207,75465.13
2208,5044.59
2209,65715.805
2210,11677.52
2211,12825.155
2212,45290.355
2213,67871.28
2214,10930.08
2215,4891.2
2216,6997.2
2217,58226.465
2218,55571.105
2219,3103.535
2220,54700.625
2221,5722.51
2222,3037.98
2223,5788.195
2224,4464.725
2225,3907.88
2226,6259.845
2227,5161.1
2228,11889.66
2229,10852.035
2230,5849.305
2231,2984.8
2232,58222.995
2233,16639.885
2234,6304.795
2235,54765.885
2236,5599.895
2237,12298.01
2238,4323.355
2239,6889.88
2240,55074.075
2241,10117.135
2242,5537.705
2243,54503.47
2244,2150.795
2245,4520.505
2246,9498.045
2247,3652.335
2248,6216.185
2249,5567.795
2250,6252.95
2251,10553.5
2252,52843.79
2253,8744.435
2254,42688.72
2255,4081.945
2256,6221.125
2257,3192.68
2258,6163.715
2259,5534.07
2260,6773.855
2261,7960.27
2262,10527.465
2263,11295.425
2264,8059.845
2265,2806.14
2266,26086.09
2267,45538.155
2268,10779.305
2269,5949.875
2270,5034.54
2271,2961.48
2272,5517.56
2273,2124.0
2274,45861.82
2275,43817.35
2276,2643.71
2277,10600.08
2278,2641.395
2279,7311.56
2280,41622.36
2281,4608.655
2282,65888.95
2283,61749.675
2284,8895.385
2285,8518.375
2286,47014.92
2287,73619.23
2288,3670.195
2289,5778.385
2290,3121.27
2291,4852.22
2292,2266.22
2293,15669.645
2294,9184.735
2295,5875.54
2296,6624.575
2297,28019.515
2298,6615.705
2299,10556.32
2300,3757.87
2301,45164.685
2302,5005.44
2303,53573.225
2304,7913.74
2305,45749.85
2306,7645.425
2307,16189.275
2308,66731.035
2309,4065.74
2310,11979.375
2311,57742.005
2312,11215.99
2313,46810.845
2314,5261.71
2315,14072.18
2316,6109.11
2317,55957.185
2318,23284.0
2319,12533.65
2320,6387.495
2321,55640.19
2322,3599.76
2323,17086.965
2324,9372.24
2325,6346.45
2326,5456.05
2327,11350.96
2328,35927.69
2329,6294.245
2330,6015.685
2331,44493.94
2332,10507.615
2333,6812.395
2334,12523.41
2335,48689.35
2336,53290.35
2337,54129.5
2338,2802.01
2339,40017.01
2340,8745.908333333333
2341,42125.135
2342,5006.4
2343,46121.245
2344,6559.55
2345,53708.85
2346,4509.315
2347,7582.415
2348,11403.35
2349,6250.75
2350,54245.06
2351,4098.71
2352,4693.745
2353,5370.095
2354,2447.82
2355,5030.39
2356,50658.19
2357,53764.04
2358,4668.43
2359,5710.095
2360,6183.39275
2361,60589.88
2362,62894.8
2363,4683.785
2364,50875.355
2365,6598.87
2366,62906.535
2367,4244.475
2368,76268.345
2369,63082.97
2370,6389.045
2371,6392.255
2372,4411.165
2373,5897.42
2374,4497.0
2375,4093.865
2376,50559.745
2377,12005.675
2378,55453.965
2379,4708.49
2380,26901.65
2381,4197.51
2382,10633.845
2383,87014.62
2384,7721.44
2385,11988.435
2386,56933.765
2387,5152.745
2388,6066.85
2389,3204.32
2390,46803.935
2391,6055.605
2392,12163.065
2393,7377.67
2394,12589.44
2395,22187.55
2396,48766.175
2397,4493.03
2398,9161.215
2399,5612.47
2400,12473.09
2401,59427.505
2402,4498.28
2403,27573.39
2404,43634.65
2405,6243.39
2406,4994.925
2407,4961.135
2408,9845.435
2409,9717.625
2410,42451.28
2411,6557.89
2412,5953.16
2413,2911.345
2414,60325.525
2415,9693.65
2416,43730.0
2417,11022.945
2418,5047.38
2419,5611.82
2420,6257.435
2421,7713.365
2422,63674.74
2423,4508.425
2424,2654.465
2425,4875.71
2426,63047.545
2427,5587.67
2428,54523.31
2429,60935.065
2430,13648.69
2431,22219.2
2432,66062.25
2433,8036.255
2434,5876.41
2435,7973.045
2436,5112.165
2437,54855.6
2438,47230.86
2439,5016.14
2440,49875.88
2441,4177.145
2442,7104.505
2443,5953.78
2444,2456.6
2445,2985.14
2446,10831.535
2447,6843.78
2448,7869.505
2449,5355.365
2450,6063.32
2451,3846.815
2452,12607.335
2453,7397.235
2454,49861.33
2455,12468.11
2456,53068.32
2457,23939.83
2458,15395.255
2459,42247.06
2460,45104.985
2461,6986.93
2462,6114.435
2463,5653.65
2464,7434.266750000001
2465,4451.18
2466,2376.85
2467,4826.525
2468,5814.815
2469,5531.81
2470,5544.8
2471,7857.71
2472,4402.475
2473,4782.615
2474,5642.5
2475,9181.48
2476,5009.05
2477,4294.375
2478,12172.82
2479,81667.6
2480,4931.455
2481,34028.87
2482,5997.3
2483,67929.695
2484,52867.665
2485,59764.475
2486,5124.43
2487,5447.02
2488,54190.335
2489,3087.505
2490,8258.2
2491,59530.335
2492,13774.63
2493,5155.15
2494,4446.685
2495,3658.555
2496,5176.435
2497,2491.765
2498,11053.875
2499,65074.01
2500,3916.99
2501,51767.035
2502,11211.735
2503,3098.685
2504,12894.61
2505,50934.635
2506,2910.56
2507,17603.44
2508,8703.560333333333
2509,4323.595
2510,5304.115
2511,52101.355
2512,10274.18
2513,3613.14
2514,6073.7
2515,13537.735
2516,4808.37
2517,2712.595
2518,56296.795
2519,64806.43
2520,60192.01
2521,4369.175
2522,70399.36
2523,55623.76
2524,53198.385
2525,64880.605
2526,6400.13
2527,6548.325
2528,14387.04
2529,4016.17
2530,8611.253416666668
2531,56243.895
2532,61616.96
2533,4702.69
2534,54320.685
2535,7350.465
2536,7482.515
2537,4258.08
2538,8191.3875
2539,3225.135
2540,52741.165
2541,12780.01
2542,12837.96
2543,26727.11
2544,22118.18
2545,4547.685
2546,54684.0
2547,5069.08
2548,2252.955
2549,43089.12
2550,6384.9
2551,4512.923916666667
2552,7820.175
2553,6870.145
2554,44927.96
2555,64004.44
2556,8438.715
2557,5664.575
2558,2704.18
2559,3442.705
2560,7933.75
2561,6641.69
2562,6007.265
2563,14306.06
2564,4424.34
2565,12519.395
2566,13067.21
2567,3555.775
2568,7965.435
2569,7527.915
2570,49450.615
2571,59431.195
2572,2124.0
2573,3064.425
2574,51276.355
2575,5404.795
2576,47911.65
2577,67535.365
2578,7810.21
2579,3899.32
2580,73348.25
2581,53427.47
2582,57201.275
2583,46955.715
2584,4156.635
2585,6078.575
2586,5990.25
2587,53660.035
2588,4959.935
2589,5001.935
2590,5858.785
2591,3824.25
2592,3180.225
2593,6219.885
2594,43338.725
2595,10241.74
2596,39988.57
2597,12917.925
2598,62136.94
2599,5719.84
2600,64723.015
2601,11083.04
2602,3712.425
2603,70134.145
2604,5011.62
2605,17431.09
2606,55287.885
2607,6446.18
2608,5912.5
2609,4669.5
2610,4809.385
2611,8803.085
2612,12501.465
2613,3931.06
2614,5953.19
2615,44998.45
2616,6831.85
2617,5535.27
2618,67422.775
2619,15614.175
2620,9246.83
2621,2491.67
2622,3973.985
2623,6913.375
2624,56100.65
2625,59294.795
2626,6289.11
2627,64675.06
2628,58682.44
2629,54926.9
2630,7978.17
2631,5443.325
2632,4095.29
2633,52017.145
2634,10008.86
2635,3051.215
2636,3979.36
2637,7319.79
2638,63989.84
2639,11812.995
2640,5870.485
2641,3989.3
2642,56081.73
2643,41786.5
2644,4114.99
2645,3992.575
2646,2604.46
2647,33958.255
2648,9802.055
2649,6259.775
2650,57787.315
2651,56724.195
2652,2374.56
2653,5924.855
2654,4037.255
2655,4987.095
2656,5087.875
2657,51226.705
2658,53738.32
2659,58071.77
2660,49482.38
2661,63254.83
2662,2301.795
2663,56185.65
2664,7692.795
2665,5598.22
2666,47449.17
2667,59862.64
2668,55001.305
2669,61038.82
2670,3811.07
2671,12269.255
2672,5127.735
2673,9960.42
2674,4999.54
2675,7177.52
2676,6266.12
2677,2409.505
2678,2852.695
2679,2807.24
2680,5499.2
2681,5255.475
2682,7872.93
2683,3127.16
2684,6901.94
2685,4918.605
2686,6207.9
2687,59027.43
2688,47415.515
2689,13803.87
2690,13366.415
2691,25583.74
2692,5238.44
2693,6638.68
2694,2325.755
2695,9908.495
2696,3420.975
2697,7776.46
2698,11953.36
2699,61090.705
2700,51751.455
2701,46512.975
2702,3106.805
2703,7169.64
2704,4414.42
2705,14960.18
2706,5568.105
2707,38874.265
2708,49398.13
2709,6135.685
2710,51634.845
2711,4962.15
2712,4783.995
2713,4723.005
2714,56465.47
2715,6134.76
2716,5104.98
2717,58602.875
2718,4175.935
2719,5770.845
2720,6156.925
2721,2488.905
2722,12245.695
2723,75675.335
2724,17540.545
2725,2799.295
2726,3778.415
2727,5954.848333333333
2728,5391.16
2729,2921.34
2730,12609.635
2731,56948.23
2732,3062.31
2733,6439.005
2734,53095.15
2735,4964.855
2736,6951.4577500000005
2737,49640.29
2738,4787.565
2739,59906.49
2740,5531.74
2741,9319.68
2742,7129.62
2743,66837.98
2744,5851.405
2745,54631.87
2746,6703.76
2747,4472.3
2748,57271.895
2749,7088.215
2750,11803.415
2751,58760.02
2752,7267.38
2753,64475.82
2754,5296.355
2755,5572.81
2756,6331.325
2757,62113.74
2758,3044.51
2759,41830.645
2760,7234.875
2761,52916.31
2762,17261.57
2763,6497.745
2764,51323.92
2765,14357.945
2766,10091.455654761905
2767,7555.2
2768,54562.82
2769,10504.945
2770,47823.45
2771,3260.45
2772,2823.65
2773,3492.955
2774,3444.16
2775,10982.735
2776,7797.945
2777,8035.415
2778,11537.78
2779,10542.305
2780,53204.69
2781,47203.81
2782,10614.735
2783,8944.895
2784,12321.14
2785,6748.085
2786,3895.62
2787,7960.57
2788,6159.115
2789,6287.27
2790,3145.21
2791,2364.735
2792,1933.895
2793,50261.285
2794,4431.025
2795,52039.31
2796,7694.12
2797,12067.625
2798,7243.61
2799,49911.625
2800,6119.155
2801,5632.29
2802,4065.99
2803,28535.865
2804,3789.295
2805,6104.6
2806,59630.865
2807,63045.29
2808,4619.87
2809,53553.07
2810,6079.16
2811,4616.945
2812,6567.895
2813,12142.37
2814,1774.42
2815,6752.095
2816,9859.815
2817,7608.14
2818,5866.605
2819,3125.375
2820,3752.375
2821,6803.81
2822,5254.46
2823,4188.62
2824,5574.68
2825,2884.63
2826,7152.32
2827,4966.64
2828,55022.69
2829,6969.86
2830,5307.715
2831,2404.58
2832,6467.435
2833,4143.825
2834,4969.925
2835,9435.845
2836,1948.455
2837,7305.87
2838,45677.335
2839,53378.795
2840,5513.075
2841,42915.445
2842,50064.42
2843,56421.235
2844,54770.075
2845,3223.65
2846,5218.045
2847,22505.56
2848,7798.925
2849,3173.535
2850,53028.075
2851,5112.13
2852,6353.355
2853,54877.235
2854,48234.435
2855,12955.775
2856,8637.185
2857,51017.97
2858,5249.2
2859,17602.88
2860,5649.94
2861,4802.065
2862,7561.995
2863,4912.84
2864,59699.49
2865,3031.545
2866,3004.725
2867,5377.64
2868,14473.43
2869,50981.91
2870,11776.465
2871,50753.065
2872,55673.505
2873,9428.8
2874,12533.575
2875,6360.05
2876,6048.83
2877,5790.88
2878,8047.14
2879,10674.25
2880,35990.335
2881,2609.12
2882,51209.315
2883,45424.72
2884,6781.74
2885,3715.8
2886,45727.625
2887,6908.02
2888,24763.1
2889,3098.225
2890,1639.29
2891,5421.62
2892,44416.5
2893,6291.305
2894,4270.465
2895,8217.79
2896,17463.525
2897,5421.765
2898,3419.255
2899,13339.1
2900,6801.92
2901,4784.48
2902,56672.285
2903,11930.375
2904,50587.27
2905,5347.755
2906,47736.915
2907,5974.435
2908,53452.21
2909,49655.02
2910,9886.215
2911,5666.67
2912,5360.105
2913,5744.665
2914,57334.295
2915,5591.99
2916,5963.0
2917,5164.555
2918,7588.735
2919,57680.335
2920,12356.235
2921,3334.285
2922,8649.47
2923,14282.95
2924,45399.08
2925,15821.655
2926,8748.6
2927,5419.395
2928,7592.39
2929,36168.25
2930,10430.365
2931,17654.16
2932,5387.85
2933,68024.135
2934,14615.06
2935,55899.36
2936,49092.125
2937,7878.77
2938,6807.58
2939,5069.19
2940,4524.49
2941,50152.835
2942,5996.81
2943,5820.895
2944,2985.765
2945,15496.165
2946,60135.81
2947,11393.38
2948,41238.575
2949,4231.475
2950,5630.26
2951,6593.585
2952,7478.215
2953,55827.995
2954,17628.48
2955,50553.04
2956,11777.175
2957,5624.6
2958,5725.885
2959,6799.77
2960,7033.015
2961,4034.17
2962,3778.075
2963,10445.43
2964,7937.715
2965,49813.3
2966,4083.785
2967,5476.925
2968,51203.575
2969,5262.38
2970,17794.0
2971,6512.59
2972,7930.4
2973,2410.585
2974,8734.56
2975,44652.275
2976,53365.78
2977,15578.15
2978,4395.32
2979,5989.025
2980,5849.80875
2981,5359.015
2982,51697.645
2983,12112.17
2984,59091.0
2985,5249.34
2986,6366.645
2987,8168.765
2988,62620.44
2989,12368.85
2990,4770.31
2991,68322.845
2992,45923.84
2993,2135.89
2994,4410.455
2995,3172.495
2996,46086.835
2997,5988.295
2998,45542.975
2999,5987.535
3000,5910.625
3001,9203.329107142858
3002,57568.11
3003,3692.49
3004,6016.375
3005,5179.365
3006,48882.505
3007,5598.0
3008,55663.74
3009,7227.968250000002
3010,65567.435
3011,6894.335
3012,4554.105
3013,2488.55
3014,43217.55
3015,43661.49
3016,48464.845
3017,83271.5
3018,58964.135
3019,9642.425
3020,3533.025
3021,5115.18
3022,4170.405
3023,3033.16
3024,6823.375
3025,5238.51
3026,9449.355
3027,57266.35
3028,6551.985
3029,8253.055
3030,5486.82
3031,4007.77
3032,6098.565
3033,58725.035
3034,6008.72
3035,47418.84
3036,3878.64
3037,5783.54
3038,4720.715
3039,15029.335
3040,44677.73
3041,5676.575
3042,12657.99
3043,4289.985
3044,4194.28
3045,7143.87
3046,4247.785
3047,62266.72
3048,9897.9
3049,65558.36
3050,2739.995
3051,45772.055
3052,56341.805
3053,6041.725
3054,54091.065
3055,50050.75
3056,3365.37
3057,9081.895
3058,60270.64
3059,2656.015
3060,4413.57
3061,56301.76
3062,5486.145
3063,3027.675
3064,12604.34
3065,6434.395
3066,26788.75
3067,4557.53
3068,2369.02
3069,7741.33
3070,8272.21
3071,6221.09
3072,54563.335
3073,6453.59
3074,2517.28
3075,5764.665
3076,46714.26
3077,9704.56
3078,3953.535
3079,2607.015
3080,3458.235
3081,57761.635
3082,13735.065
3083,10545.035
3084,6668.11
3085,12497.995
3086,12359.385
3087,9955.491666666667
3088,4456.135
3089,4651.07
3090,7558.225
3091,5245.35
3092,7173.31
3093,6244.885
3094,5157.73
3095,4305.975
3096,6327.115
3097,6203.705
3098,53499.275
3099,6772.625
3100,6110.48
3101,55101.55
3102,31747.04
3103,5468.145
3104,7843.025
3105,7358.81
3106,19540.805
3107,52677.6
3108,52517.39
3109,5868.74
3110,58405.095
3111,47497.84
3112,5628.75
3113,5565.215
3114,2531.72
3115,49466.95
3116,3191.69
3117,9140.485
3118,3993.4575
3119,7464.735
3120,59242.79
3121,62964.84666666667
3122,55203.825
3123,3010.835
3124,62306.935
3125,32543.255
3126,4618.45
3127,7935.85
3128,57486.785
3129,52754.055
3130,2201.535
3131,6409.03
3132,12090.79
3133,4339.455
3134,2403.515
3135,6334.965
3136,66765.655
3137,58902.99
3138,10418.155
3139,5906.615
3140,50831.37
3141,4523.955
3142,50493.655
3143,44692.665
3144,5252.915
3145,12045.04
3146,50304.085
3147,3400.765
3148,4274.335
3149,7252.205
3150,1775.185
3151,60684.385
3152,6845.58
3153,14732.17
3154,52647.235
3155,7163.025
3156,5531.53
3157,4975.525
3158,6361.87
3159,5855.51
3160,11406.93
3161,4276.735
3162,41491.16
3163,71982.065
3164,7353.93
3165,14299.53
3166,5950.05
3167,1987.965
3168,42390.34
3169,6779.075
3170,6115.515
3171,5903.225
3172,14638.785
3173,11679.515
3174,5932.345
3175,5948.4
3176,6232.725
3177,4712.065
3178,3769.54
3179,6405.52
3180,9968.235
3181,63383.1
3182,48417.525
3183,11570.54
3184,2567.695
3185,3670.505
3186,4452.78
3187,4866.23
3188,7513.585
3189,3806.07
3190,6089.71
3191,55780.135
3192,59901.93
3193,46184.505
3194,62221.515
3195,52928.16
3196,6476.65
3197,5529.115
3198,52955.18
3199,73217.335
3200,65870.845
3201,11170.74
3202,5287.675
3203,8419.82
3204,14503.12
3205,31387.96
3206,6013.855
3207,69222.385
3208,5193.14
3209,74371.52
3210,6229.18
3211,5720.2
3212,3643.675
3213,5260.665
3214,5887.725
3215,54518.08
3216,4557.46
3217,23042.82
3218,6087.365
3219,5016.785
3220,33147.03
3221,49602.85
3222,4333.305
3223,52212.93
3224,6348.055
3225,5826.895
3226,57140.085
3227,6491.4
3228,4151.945
3229,5126.815
3230,6578.97
3231,7772.455
3232,5132.55
3233,7007.47
3234,4721.67
3235,12599.665
3236,2759.305
3237,4314.095
3238,5683.37
3239,1778.265
3240,4688.77
3241,3764.09
3242,5682.98
3243,5676.36
3244,60899.69
3245,40983.43
3246,54443.645
3247,58551.755
3248,4783.92
3249,10536.8
3250,10318.275
3251,53097.235
3252,5643.68
3253,68894.135
3254,5634.96
3255,4461.425
3256,5967.275
3257,71464.63
3258,54573.715
3259,6340.32
3260,5497.705
3261,25386.415
3262,2790.115
3263,6219.9
3264,14038.15
3265,5610.435
3266,3396.985
3267,3134.39
3268,5385.83
3269,2632.045
3270,7532.37
3271,2641.465
3272,18040.345
3273,6626.37
3274,5222.27
3275,6232.69
3276,22854.67
3277,3281.59
3278,56776.255
3279,51497.16
3280,5630.865
3281,6068.69
3282,5369.88
3283,7235.795
3284,4365.3
3285,5625.41
3286,5169.77
3287,12666.445
3288,4435.2825
3289,13795.615
3290,7835.03
3291,54601.04
3292,10216.285
3293,10937.4
3294,58793.21
3295,56049.99
3296,54498.885
3297,4966.55
3298,5841.87
3299,4987.165
3300,5472.95
3301,13517.905
3302,7279.185
3303,49506.655
3304,4047.185
3305,5555.56
3306,5356.33
3307,5887.375
3308,47177.965
3309,4460.61
3310,40025.34
3311,5329.285
3312,38689.46
3313,16031.285
3314,5145.45
3315,4630.255
3316,28452.49
3317,6127.575
3318,11450.115
3319,56581.96
3320,5820.38
3321,2662.91
3322,4874.69
3323,4356.205
3324,2868.0
3325,7576.255
3326,3424.92
3327,41904.35
3328,13061.03
3329,4167.765
3330,6479.28
3331,12832.935
3332,3477.865
3333,6475.395
3334,7568.81
3335,54455.47
3336,59168.555
3337,12725.465
3338,4599.335
3339,63344.265
3340,5277.505
3341,9613.425
3342,4903.985
3343,2128.6
3344,2655.65
3345,43223.655
3346,57319.885
3347,12123.03
3348,4627.19
3349,64951.14
3350,58256.34
3351,4741.3
3352,6621.99
3353,6048.63
3354,4334.755
3355,8779.25
3356,6111.73
3357,7372.11
3358,11911.795
3359,3046.47
3360,55193.805
3361,45900.985
3362,4408.535
3363,12685.045
3364,2610.545
3365,5610.3
3366,7813.395
3367,7684.9925
3368,12760.825
3369,5465.155
3370,7097.88
3371,3507.99
3372,2746.515
3373,29135.42
3374,8447.97
3375,53568.865
3376,42427.87
3377,10044.08
3378,4644.02
3379,53853.48
3380,51132.58
3381,5998.445
3382,2412.85
3383,9464.805
3384,2697.025
3385,3081.6
3386,59059.29
3387,5688.96
3388,13631.625
3389,9273.655
3390,4634.535
3391,56332.535
3392,34288.435
3393,42538.815
3394,64793.22
3395,63573.635
3396,56708.005
3397,3216.25
3398,2816.705
3399,50057.15
3400,5207.09
3401,60299.105
3402,57151.68
3403,10519.86
3404,14864.76
3405,19748.25
3406,5677.905
3407,13803.035
3408,5422.99
3409,7577.965
3410,56229.625
3411,4337.33
3412,9739.64
3413,2347.695
3414,2226.12
3415,41282.09
3416,10068.03
3417,53561.525
3418,71700.19875
3419,7162.105
3420,5903.97
3421,7376.895
3422,15229.91
3423,4317.05
3424,9794.015
3425,50536.12
3426,22244.75
3427,17895.0
3428,49494.06
3429,6542.905
3430,47645.65
3431,4532.29
3432,4652.2
3433,8671.55
3434,5977.54
3435,4633.62
3436,12520.68
3437,60683.47
3438,12390.44
3439,5232.11
3440,4849.755
3441,6396.765
3442,10228.4
3443,57098.075
3444,5369.325
3445,6959.53
3446,46820.535
3447,6647.37
3448,6530.46
3449,56623.845
3450,5312.055
3451,4877.62
3452,4324.67
3453,49727.845
3454,3693.845
3455,12670.69
3456,50464.36
3457,54829.485
3458,13381.275
3459,56758.2
3460,49555.645
3461,3027.95
3462,7272.905
3463,3062.87
3464,5362.33
3465,60300.55
3466,4579.915
3467,5337.235
3468,47171.38
3469,62184.815
3470,2318.67
3471,42440.885
3472,68638.13
3473,58687.745
3474,52787.825
3475,23218.64
3476,13648.805
3477,7320.01
3478,14154.33
3479,60680.36
3480,4139.405
3481,5174.275
3482,42703.165
3483,44745.585
3484,25926.61
3485,63345.18
3486,6224.805
3487,12343.62
3488,17407.445
3489,5494.235
3490,38279.945
3491,8235.925
3492,13402.8
3493,31328.7
3494,3039.0
3495,7429.3025
3496,13706.8
3497,7601.38
3498,7202.895
3499,5320.47
3500,5683.015
3501,15680.07
3502,62267.42
3503,46297.9
3504,14923.9
3505,59554.08
3506,13322.39
3507,6169.435
3508,5696.38
3509,3308.495
3510,63560.59
3511,3617.1
3512,55372.37
3513,5055.04
3514,51812.655
3515,11890.4
3516,2909.855
3517,13983.4
3518,12698.09
3519,6968.72
3520,5564.54
3521,14719.28
3522,5919.695
3523,4968.9275
3524,2640.21
3525,5483.095
3526,5670.95
3527,48134.615
3528,4948.22
3529,5778.52
3530,5353.905
3531,4548.985
3532,8774.52
3533,7052.85
3534,2621.55
3535,44145.225
3536,43192.985
3537,4512.035
3538,5383.38
3539,5884.445
3540,4725.0
3541,3247.075
3542,2307.405
3543,7360.585
3544,2246.79
3545,4157.125
3546,3600.815
3547,4281.715
3548,31883.635
3549,56123.66
3550,43633.355
3551,5995.325
3552,5379.915
3553,4286.26
3554,45983.19
3555,60363.34
3556,4323.11
3557,4636.485
3558,5145.915
3559,11154.475
3560,62164.09
3561,56852.09
3562,7784.945
3563,6844.225
3564,2616.535
3565,13887.855
3566,2820.235
3567,6076.495
3568,3698.875
3569,3529.665
3570,64467.565
3571,2524.165
3572,3857.59
3573,6119.42
3574,10277.69
3575,61614.945
3576,56621.455
3577,13978.15
3578,3899.955
3579,5225.65
3580,48189.07
3581,52390.735
3582,73544.2
3583,22247.27
3584,34241.82
3585,52176.36
3586,3997.37
3587,5858.19
3588,54314.475
3589,53434.525
3590,11765.815
3591,5267.465
3592,78310.075
3593,12482.935
3594,7139.56125
3595,7031.545
3596,11521.825
3597,54691.315
3598,7770.26
3599,54618.87
3600,2339.395
3601,4138.755
3602,6193.0
3603,12830.83
3604,8352.905
3605,55898.385
3606,8202.29
3607,41019.315
3608,57378.78
3609,4339.165
3610,5482.235
3611,65548.1
3612,12996.215
3613,4725.31
3614,63180.84
3615,4656.45
3616,11918.44
3617,4160.59
3618,12084.225
3619,6907.63
3620,4510.02
3621,11093.86
3622,48309.34
3623,4174.705
3624,8481.275
3625,59161.185
3626,25954.805
3627,11219.945
3628,6894.535
3629,5949.535
3630,2587.185
3631,4644.47
3632,9474.265
3633,8622.795
3634,10358.255
3635,65128.46
3636,11293.065
3637,1776.18
3638,3202.47
3639,3402.47
3640,3791.11
3641,3503.97
3642,5777.405
3643,61917.12
3644,4799.545
3645,2656.785
3646,5484.56
3647,6623.025
3648,43239.955
3649,54529.355
3650,4440.93
3651,7128.55
3652,52832.565
3653,6279.54
3654,5442.735
3655,11928.07
3656,5959.9
3657,3382.76
3658,43831.075
3659,3589.845
3660,4179.215
3661,53635.615
3662,1876.92
3663,60716.38
3664,6097.29
3665,4747.635
3666,41903.165
3667,9250.03
3668,13446.925
3669,5614.765
3670,15294.3
3671,3118.665
3672,49861.375
3673,51975.3
3674,2850.79
3675,12439.615
3676,10711.51
3677,3070.455
3678,7152.555
3679,3546.075
3680,4173.835
3681,65724.76
3682,59249.89
3683,6215.745
3684,45292.07
3685,58806.3
3686,3725.295
3687,4000.73
3688,41176.14
3689,60385.58
3690,4485.05
3691,6465.685
3692,6312.38
3693,9324.37
3694,82867.92566666665
3695,6662.945
3696,3600.965
3697,4884.78
3698,73015.565
3699,57879.49
3700,2638.835
3701,16631.357
3702,9388.865
3703,1789.12
3704,5661.74
3705,5947.695
3706,14340.665
3707,9380.555
3708,4464.65
3709,8553.74
3710,39570.815
3711,56467.41
3712,52257.615
3713,15008.23
3714,2900.67
3715,6355.66
3716,5132.735
3717,9092.155
3718,9262.715
3719,5364.745
3720,24282.67
3721,4096.89
3722,4315.215
3723,7806.47
3724,4285.31
3725,62452.795
3726,61933.8
3727,4663.685
3728,54303.2
3729,12610.52
3730,7072.185
3731,7775.54
3732,3120.915
3733,4603.045
3734,5140.08
3735,55534.76
3736,3948.015
3737,11296.455
3738,7939.815
3739,6087.105
3740,54416.895
3741,59862.1
3742,7576.72
3743,8221.885
3744,25347.76
3745,51906.21
3746,9390.76
3747,71161.71
3748,7948.655
3749,10681.405
3750,7116.45
3751,5121.065
3752,50779.35
3753,7657.52
3754,63907.78
3755,4844.365
3756,31967.645
3757,7164.345
3758,6567.395
3759,6824.3
3760,9583.85
3761,4685.935
3762,1845.68
3763,67821.36
3764,50104.475
3765,3231.305
3766,3638.79
3767,2323.98
3768,48753.54
3769,51565.87
3770,4711.98
3771,7134.05
3772,3464.43
3773,6818.49
3774,8436.945
3775,3523.77
3776,7555.94
3777,5618.735
3778,5197.165
3779,4987.782999999999
3780,40359.285
3781,5929.75
3782,13173.18
3783,47781.48
3784,10910.255
3785,13229.785
3786,54554.2
3787,54246.395
3788,58588.68
3789,13981.545
3790,2515.355
3791,4687.945
3792,56270.395
3793,12177.14
3794,39718.3
3795,4988.3
3796,5775.1
3797,14439.555
3798,41238.42
3799,23265.005
3800,5516.05
3801,5695.885
3802,9691.27
3803,28756.38
3804,10327.865
3805,7828.245
3806,6232.91
3807,5757.71
3808,8541.535
3809,5104.86
3810,56092.775
3811,50600.365
3812,51448.655
3813,45796.705
3814,9899.62
3815,5121.015
3816,2250.445
3817,52373.04
3818,46132.325
3819,2387.015
3820,4132.91
3821,8548.89
3822,47431.375
3823,2425.44
3824,33059.36
3825,8188.835
3826,40136.865
3827,42627.91
3828,7099.57
3829,11671.015
3830,11459.0
3831,7086.975
3832,5285.1
3833,5465.32
3834,5000.64
3835,37010.33
3836,4700.33
3837,33804.945
3838,50870.325
3839,8553.805
3840,2463.02
3841,51940.815
3842,66933.345
3843,5728.165
3844,28229.885
3845,58385.095
3846,4794.485
3847,41112.185
3848,7146.24
3849,7596.905
3850,3505.185
3851,2960.0
3852,5843.655
3853,40733.99
3854,6920.81
3855,4819.51
3856,55546.83
3857,6488.77
3858,6587.185
3859,12623.51
3860,5507.5
3861,11008.165
3862,3109.62
3863,50134.12
3864,3908.77
3865,44420.71
3866,27006.29
3867,7516.215
3868,4308.095
3869,21879.22
3870,3161.34
3871,49254.345
3872,4394.63
3873,7273.735
3874,30290.0
3875,7075.72
3876,6024.335
3877,5997.665
3878,6607.015
3879,13209.545
3880,49659.07
3881,9802.415
3882,6316.615
3883,7375.98
3884,7062.58
3885,59636.06
3886,5317.8
3887,27945.47
3888,11307.1
3889,2499.905
3890,4343.625
3891,6921.905
3892,4997.95
3893,6644.27
3894,10887.7
3895,45652.92
3896,1716.02
3897,5779.34
3898,2879.46
3899,4889.15
3900,5791.54
3901,10377.22
3902,5350.79
3903,55347.88
3904,50407.295
3905,57560.35
3906,3959.4
3907,50224.745
3908,61361.45
3909,59432.405
3910,5651.11
3911,3357.295
3912,4123.285
3913,5353.56
3914,5382.18
3915,16009.14
3916,8424.195
3917,6961.46
3918,60097.4
3919,9878.375
3920,69969.22
3921,55439.335
3922,32620.05
3923,4804.58
3924,6831.955
3925,61909.505
3926,6847.845
3927,2733.845
3928,11806.79
3929,5577.415
3930,4226.67
3931,4839.085
3932,5340.065
3933,3774.46
3934,5509.305
3935,5219.225
3936,2509.51
3937,6638.36
3938,7119.835
3939,5122.27
3940,6767.195
3941,5779.205
3942,5504.545
3943,49673.715
3944,56519.005
3945,2742.54
3946,12624.4
3947,9689.615
3948,60817.085
3949,5084.065
3950,6950.715
3951,3866.465
3952,6993.58
3953,9629.475
3954,6783.415
3955,1699.315
3956,48438.58
3957,13378.855
3958,4052.375
3959,7320.69
3960,5140.59
3961,56223.84
3962,5856.095
3963,5940.265
3964,60755.81
3965,5912.445
3966,5052.605
3967,11916.945
3968,5545.84
3969,4996.7
3970,55917.56
3971,3020.46
3972,3717.115
3973,7346.11
3974,7472.645
3975,5507.21
3976,40449.28
3977,52147.62
3978,49441.135
3979,5222.04
3980,62789.39
3981,53548.765
3982,11745.015
3983,41683.755
3984,3949.675
3985,5636.47
3986,28216.62
3987,50545.785
3988,8918.66
3989,25474.62
3990,7929.86
3991,4650.095
3992,2845.385
3993,5311.88
3994,4201.38
3995,3899.255
3996,2996.98
3997,55284.9
3998,9770.715
3999,4871.495
4000,60866.175
4001,51840.405
4002,65433.76
4003,6416.01
4004,7067.955
4005,4471.895
4006,3624.355
4007,13038.47
4008,8052.54
4009,4947.71
4010,7296.52
4011,7915.37
4012,67581.995
4013,4464.7175
4014,57382.865
4015,9952.505
4016,6418.715
4017,4704.625
4018,31936.255
4019,5517.015
4020,58393.82
4021,4029.05
4022,56378.075
4023,7892.11
4024,6133.37
4025,69640.17
4026,10813.355
4027,7303.955
4028,43778.39
4029,52957.605
4030,56552.01
4031,12371.995
4032,50500.91
4033,2603.53
4034,3476.38
4035,52813.32
4036,2340.14
4037,10476.595
4038,55187.055
4039,5671.62
4040,6424.805
4041,4844.165
4042,4703.52
4043,4088.395
4044,22128.015
4045,5969.095
4046,8583.87
4047,5194.445
4048,6402.11
4049,4530.035
4050,5508.57
4051,22992.12
4052,53075.99
4053,39323.385
4054,5129.605
4055,10445.58
4056,7241.145
4057,2895.845
4058,5100.72
4059,37196.11
4060,7957.335
4061,8382.165
4062,76218.025
4063,5500.98
4064,4569.0025
4065,46578.23
4066,9360.255
4067,2454.34
4068,5284.78
4069,2426.14
4070,10407.55
4071,54934.71
4072,61408.3
4073,3180.21
4074,4596.645
4075,13959.48
4076,11706.44
4077,11646.1
4078,53174.6
4079,4323.25
4080,6235.65
4081,12447.78
4082,12636.14
4083,3368.205
4084,4595.24
4085,55987.595
4086,3832.205
4087,11398.935
4088,5856.605
4089,67680.145
4090,6592.265
4091,8465.63
4092,8929.97
4093,8104.69
4094,5826.44
4095,4431.07
4096,44513.24
4097,5549.72
4098,53643.845
4099,58962.025
4100,47554.005
4101,3852.125
4102,2954.49
4103,4624.4
4104,8089.695
4105,70893.68
4106,64375.06
4107,13079.405
4108,9572.295
4109,45813.66
4110,4872.08
4111,89496.965
4112,7098.71
4113,6220.785
4114,14706.985
4115,6802.84
4116,6792.43
4117,60930.35
4118,12888.945
4119,38436.85
4120,4887.115
4121,56144.5
4122,13951.855
4123,51680.95
4124,4396.755
4125,3788.26
4126,3750.41
4127,57942.615
4128,1976.155
4129,13536.98
4130,68986.21
4131,6610.88
4132,47333.11
4133,56222.42
4134,48450.39
4135,4454.58
4136,2544.76
4137,62373.26
4138,54695.205
4139,4088.4
4140,56052.915
4141,5198.265
4142,6820.245
4143,59669.13
4144,7821.445
4145,11341.795
4146,9941.01
4147,5706.885
4148,6609.905
4149,5971.845
4150,4298.675
4151,5030.785
4152,53938.55
4153,5613.49
4154,2697.08
4155,1799.67
4156,9970.94
4157,5740.625
4158,4363.16
4159,8260.015
4160,7789.28
4161,5700.835
4162,3705.665
4163,54319.775
4164,13129.035
4165,7413.105
4166,53546.545
4167,2894.33
4168,4748.055
4169,2176.31
4170,12572.105
4171,5149.58
4172,68721.37
4173,11033.885
4174,6292.16
4175,5321.82
4176,48582.695
4177,64569.275
4178,7264.17
4179,3805.325
4180,11176.185
4181,41472.96
4182,58185.5
4183,6163.815
4184,42382.97
4185,59386.49
4186,3977.41
4187,10005.595
4188,6072.534749999997
4189,4186.21
4190,62652.47
4191,52977.16
4192,3307.38
4193,58195.8
4194,46387.645
4195,58270.48
4196,5634.905
4197,8726.225
4198,2478.165
4199,57819.43
4200,2902.65
4201,44447.08
4202,22177.26
4203,5928.68
4204,6154.35
4205,5584.475
4206,5610.75
4207,33973.035
4208,4941.725
4209,13018.35
4210,37914.96
4211,4747.56
4212,8301.145
4213,7986.63
4214,4946.63
4215,6235.485
4216,49520.345
4217,10781.965
4218,7392.82
4219,6709.135
4220,13241.165
4221,4987.895
4222,4037.355
4223,63304.265
4224,5890.97
4225,6887.0
4226,45315.855
4227,58996.8
4228,3231.06
4229,46037.3
4230,4810.115
4231,56185.095
4232,5886.645
4233,4969.535
4234,11933.04
4235,49537.26
4236,7402.095
4237,10675.675
4238,5951.315
4239,54176.475
4240,12945.255
4241,9964.415
4242,2848.285
4243,4619.625
4244,5578.19
4245,5896.675
4246,3432.17
4247,9390.075
4248,5762.2
4249,2708.84
4250,57175.775
4251,11201.255
4252,8491.84
4253,3641.625
4254,41916.75
4255,2865.045
4256,4282.385
4257,4951.04
4258,5908.615
4259,71175.535
4260,62027.39
4261,3200.05
4262,3915.255
4263,50959.45
4264,3527.045
4265,5572.0775
4266,5810.55
4267,49539.215
4268,38847.135
4269,84017.89
4270,10777.395
4271,23210.03
4272,4493.885
4273,2530.585
4274,4590.245
4275,6511.945
4276,5686.93
4277,4031.24
4278,12446.415
4279,49347.995
4280,5448.43
4281,5424.86
4282,6235.35
4283,10609.89
4284,62120.54
4285,6612.43
4286,1443.54
4287,9104.89
4288,51205.785
4289,51723.96
4290,15881.44
4291,8513.655
4292,5218.99
4293,31677.52
4294,4855.23
4295,7061.25
4296,46769.185
4297,19222.325
4298,44520.79
4299,54247.55
4300,49542.08
4301,69679.315
4302,6324.43
4303,16527.05
4304,56552.275
4305,7251.705
4306,86337.745
4307,6954.16
4308,3635.72
4309,54608.18
4310,41749.975
4311,51380.52
4312,28782.245
4313,42573.175
4314,5908.29
4315,59169.365
4316,6092.6
4317,63284.305
4318,52604.925
4319,4080.84
4320,4911.57
4321,7365.73
4322,19438.79
4323,11339.71
4324,63200.675
4325,6607.21
4326,5492.22
4327,5541.57
4328,49764.64
4329,71928.85
4330,5374.67
4331,8717.63
4332,6842.625
4333,44787.27
4334,8180.44
4335,2938.505
4336,76623.95
4337,3827.165
4338,2348.98
4339,53618.885
4340,6654.38
4341,48493.415
4342,4555.705
4343,55678.185
4344,59327.575
4345,5342.48
4346,6827.76
4347,7367.695
4348,3372.02
4349,12966.155
4350,60099.795
4351,6055.285
4352,4314.61
4353,66872.11
4354,5006.17
4355,6370.705
4356,49033.835
4357,50467.135
4358,4285.755
4359,12267.975
4360,5084.885
4361,49191.145
4362,44288.955
4363,4477.99
4364,45598.445
4365,66572.855
4366,62908.01
4367,37950.65
4368,5656.33
4369,48649.61
4370,1287.92
4371,7277.875
4372,66775.39
4373,5848.01
4374,7446.79
4375,58974.005
4376,4670.81
4377,11413.14
4378,33901.4
4379,65856.68
4380,3528.31
4381,59688.71
4382,7741.89
4383,1559.52
4384,71020.0
4385,4204.85
4386,7709.25
4387,4439.05
4388,6759.185
4389,4856.995
4390,11371.69
4391,3445.925
4392,5221.885
4393,7162.265
4394,5991.925
4395,4656.13
4396,58346.505
4397,45161.72
4398,38459.62
4399,68796.245
4400,5131.345
4401,17263.25
4402,59332.935
4403,5440.785
4404,6012.52
4405,1638.76
4406,54414.01
4407,57967.88
4408,5799.12
4409,4728.075
4410,6412.24
4411,4819.235
4412,4643.905
4413,45748.02
4414,4175.135
4415,6357.715
4416,7910.605
4417,56109.325
4418,6623.825
4419,59274.505
4420,53553.31
4421,6397.645
4422,60706.53
4423,6028.335
4424,4984.165
4425,6299.98
4426,43173.545
4427,2436.245
4428,7727.175
4429,5771.935
4430,53034.255
4431,10522.48
4432,10435.3
4433,6712.735
4434,50421.485
4435,32461.54
4436,3017.77
4437,3027.92
4438,5299.88
4439,6261.046333333333
4440,7558.35
4441,8285.24
4442,13536.44
4443,16255.14
4444,4135.76
4445,50413.525
4446,4482.795
4447,12950.745
4448,3988.975
4449,3004.545
4450,46536.6
4451,4463.535
4452,10126.315
4453,4927.155
4454,9649.81
4455,6170.66
4456,3676.105
4457,5827.27
4458,44086.885
4459,10040.695
4460,6061.085
4461,11858.32
4462,5246.725
4463,6596.335
4464,5568.585
4465,6142.71
4466,10119.57
4467,53830.71
4468,32011.875
4469,10352.295
4470,2470.715
4471,45114.88
4472,7230.31
4473,4888.94
4474,4748.41
4475,52361.625
4476,10047.205
4477,68975.105
4478,5289.31
4479,3664.245
4480,5089.2
4481,60298.735
4482,5284.59
4483,3316.245
4484,32718.02
4485,50458.49
4486,4086.705
4487,10500.2
4488,2972.8
4489,3865.85
4490,48276.95
4491,45073.85
4492,56483.675
4493,7581.3375
4494,49773.42
4495,7965.385
4496,50044.92
4497,72545.665
4498,22794.6
4499,57759.605
4500,57373.71
4501,8526.805
4502,9349.855
4503,7814.96
4504,4465.32
4505,11905.32
4506,46072.025
4507,5508.725
4508,5868.4
4509,57346.415
4510,51656.425
4511,4435.565
4512,6314.79
4513,6219.585
4514,5170.325
4515,33578.17
4516,5809.3
4517,62598.41
4518,5389.66
4519,6376.64
4520,5935.575
4521,17069.43
4522,6559.59
4523,5823.15
4524,11366.84
4525,5822.955
4526,5792.585
4527,5053.67
4528,14665.065
4529,3932.84
4530,2214.655
4531,4249.915
4532,13996.425
4533,55632.195
4534,6365.38
4535,53007.685
4536,58526.475
4537,4754.535
4538,3997.99
4539,5306.69
4540,6303.675
4541,7522.715
4542,11635.205
4543,52240.67
4544,28393.665
4545,7314.805
4546,46457.4
4547,54748.065
4548,65768.14
4549,4845.845
4550,5119.325
4551,4131.495
4552,6453.425
4553,13306.65
4554,25621.635
4555,8555.57
4556,50717.285
4557,13545.63
4558,13622.86
4559,41957.745
4560,67048.625
4561,7458.555
4562,4563.65
4563,5084.11
4564,4098.575
4565,41780.01
4566,6048.385
4567,10955.785
4568,5211.855
4569,4330.855
4570,4052.655
4571,6729.295
4572,6380.24
4573,6004.0375
4574,2819.64
4575,6602.37
4576,6034.21
4577,6363.875
4578,5558.885
4579,1863.61
4580,7645.76
4581,5027.835
4582,53217.09
4583,4121.75
4584,54178.865
4585,3047.5
4586,3071.695
4587,11629.215
4588,43317.1
4589,5442.765
4590,49195.475
4591,10587.23
4592,13489.9
4593,3278.985
4594,37207.025
4595,3809.19
4596,6087.22
4597,7366.49
4598,4451.665
4599,2960.335
4600,6114.475
4601,44896.15
4602,11935.64
4603,56568.895
4604,7560.0
4605,44114.43
4606,7266.42
4607,3090.2
4608,8259.73
4609,3848.625
4610,6987.115
4611,52605.07
4612,69306.29
4613,3868.935
4614,2016.885
4615,56605.42
4616,2419.335
4617,3690.645
4618,5100.385
4619,47069.425
4620,2899.655
4621,9608.28
4622,3242.985
4623,1971.16
4624,8459.205
4625,15658.42
4626,8995.865
4627,36094.515
4628,3248.185
4629,6366.965
4630,10375.215
4631,5627.975
4632,9016.345
4633,68896.885
4634,55658.82
4635,8351.355
4636,55200.695
4637,12911.7675
4638,12303.825
4639,39092.885
4640,4591.705
4641,5359.62
4642,8113.915
4643,50300.26
4644,10404.065
4645,4859.01
4646,10121.515
4647,52504.275
4648,2629.7
4649,64588.61
4650,54835.065
4651,12268.83
4652,4287.045
4653,12577.75
4654,44880.31
4655,11598.035
4656,58559.22
4657,70074.84
4658,12501.725
4659,6945.48
4660,58039.075
4661,5118.725
4662,70620.855
4663,15751.525
4664,63155.4
4665,54618.66
4666,4596.34
4667,7500.395
4668,13691.79
4669,4699.5
4670,10461.455
4671,60111.08
4672,11472.505
4673,42499.255
4674,5438.7
4675,54112.285
4676,6829.725
4677,56354.945
4678,42357.12
4679,63217.095
4680,7014.035
4681,5113.77
4682,23515.61
4683,15806.73
4684,56429.1
4685,50355.405
4686,5749.325
4687,44394.48
4688,6045.01
4689,60117.535
4690,11779.935
4691,14562.355
4692,6171.185
4693,55352.55
4694,6852.085
4695,57762.33
4696,6421.085
4697,50557.04
4698,21864.68
4699,24192.64
4700,57237.92875
4701,7464.215
4702,6211.805
4703,4858.12
4704,14494.395
4705,8868.315
4706,6009.835
4707,5339.67
4708,2128.77
4709,55756.665
4710,2764.33
4711,3673.45
4712,6689.605
4713,13666.535
4714,6128.59
4715,42647.82
4716,6191.59
4717,4683.705
4718,25807.235
4719,32458.18
4720,53307.41
4721,41966.65
4722,14812.95
4723,29877.04
4724,35556.78
4725,5887.05
4726,6225.855
4727,6584.35
4728,45869.225
4729,4531.5
4730,54767.865
4731,8431.02
4732,68452.84
4733,52108.0
4734,6795.905
4735,54711.05
4736,5564.535
4737,5835.57
4738,42324.0
4739,4969.475
4740,7003.485
4741,48386.19
4742,2760.9
4743,2273.88
4744,4769.435
4745,9043.575
4746,4810.85
4747,50327.69
4748,53649.45
4749,46201.125
4750,6187.9
4751,68111.58641666667
4752,8287.675
4753,5742.885
4754,66138.86
4755,8128.515
4756,3637.335
4757,6397.26
4758,8063.645
4759,2479.135
4760,66828.43
4761,5752.19
4762,44362.045
4763,9143.485
4764,4448.83
4765,10579.315
4766,62983.715
4767,61870.55
4768,60839.765
4769,7611.165
4770,18805.03
4771,4496.42
4772,2655.885
4773,10598.31
4774,49825.63
4775,4570.555
4776,4539.765
4777,50875.93
4778,68514.45
4779,49564.635
4780,3940.805
4781,50366.495
4782,5982.79
4783,48942.36
4784,41073.1
4785,32818.12
4786,4994.105
4787,4832.31
4788,44922.045
4789,6522.514583333333
4790,41308.155
4791,56335.72
4792,7368.455
4793,50872.97
4794,6155.35
4795,78284.795
4796,26289.77
4797,46359.45
4798,7829.94
4799,5307.14
4800,4671.305
4801,3000.82
4802,4111.46
4803,7301.47
4804,5615.135
4805,42465.72
4806,5917.01
4807,4707.165
4808,2897.515
4809,3494.66
4810,5414.26
4811,8650.0
4812,51183.19
4813,6031.645
4814,2824.0
4815,15859.61
4816,7170.22
4817,2976.17
4818,3511.68
4819,3996.32
4820,3036.87
4821,39756.245
4822,61967.61
4823,4947.435
4824,10733.74
4825,8006.49
4826,50306.55
4827,7489.5325
4828,5117.175
4829,6057.78
4830,5497.605
4831,6899.42
4832,6021.265
4833,47186.01
4834,5670.725
4835,5669.065
4836,22981.96
4837,51559.52
4838,4591.455
4839,6903.615
4840,59671.96
4841,45980.31
4842,5683.37
4843,51248.16
4844,17805.685
4845,61747.41
4846,5054.29
4847,6813.87
4848,2906.84
4849,47335.455
4850,3207.815
4851,3390.74
4852,8439.02
4853,10507.4
4854,16520.785
4855,4276.94
4856,4381.5
4857,6509.915
4858,5313.91
4859,5194.56
4860,51976.15
4861,7190.48
4862,6065.65
4863,10153.71
4864,45001.075
4865,4166.875
4866,5038.935
4867,3211.98
4868,4672.42
4869,5726.94
4870,7382.915
4871,53373.285
4872,5749.705
4873,10453.44
4874,46416.455
4875,55872.795
4876,5879.315
4877,5724.82
4878,3173.165
4879,42716.145
4880,8258.44
4881,13192.605
4882,40791.47
4883,10682.475
4884,56319.355
4885,59958.145
4886,3508.35
4887,2653.65
4888,8283.45
4889,3406.07
4890,1857.365
4891,56519.84
4892,6005.89
4893,13730.965
4894,7523.105
4895,5658.555
4896,6814.54
4897,12221.71
4898,3358.915
4899,43851.67
4900,5123.385
4901,5582.845
4902,9312.76
4903,7377.89
4904,32870.75
4905,4675.98
4906,65350.925
4907,4607.06
4908,62616.59
4909,2202.08
4910,4904.4975
4911,4911.515
4912,6454.355
4913,8714.105
4914,6078.55
4915,59979.385
4916,2627.285
4917,45951.735
4918,50515.94
4919,7904.195
4920,2461.155
4921,68890.79
4922,5973.71
4923,72335.745
4924,6259.76
4925,7038.23
4926,34351.4
4927,12319.48
4928,5661.975
4929,6148.36
4930,51868.34
4931,50306.55
4932,6537.215
4933,4429.795
4934,14682.175
4935,7820.32
4936,5077.215
4937,6222.915
4938,5587.395
4939,45415.775
4940,5824.14
4941,4545.66
4942,6999.565357142857
4943,5745.46
4944,56226.405
4945,54657.355
4946,4702.91
4947,32571.495
4948,7305.23
4949,4604.7
4950,4433.97
4951,38447.35
4952,4579.2525
4953,44155.515
4954,2416.74
4955,5728.21
4956,5285.24
4957,4499.23
4958,4251.945
4959,8096.02
4960,4470.23
4961,6330.87
4962,11880.755
4963,6172.0
4964,12240.635
4965,4856.765
4966,56261.45
4967,63618.605
4968,4195.01
4969,3044.63
4970,13821.28
4971,4467.305
4972,4438.995
4973,13126.195
4974,7861.535
4975,7443.265
4976,50874.125
4977,6291.935
4978,3507.64
4979,5203.265
4980,47560.6
4981,4360.25
4982,4250.12
4983,13725.57
4984,3188.6
4985,6421.595
4986,6625.175
4987,3773.24
4988,6314.555
4989,49741.96
4990,29150.025
4991,17603.72
4992,54592.26
4993,7760.175
4994,9864.42
4995,6207.135
4996,59978.685
4997,4685.94
4998,50056.43
4999,49218.45
5000,57207.67
